{"image/doctor_photo_1.jpg":["image/doctor_photo_1.jpg"],"image/doctor_photo_2.jpg":["image/doctor_photo_2.jpg"],"image/doctor_photo_3.jpg":["image/doctor_photo_3.jpg"],"image/doctor_photo_4.jpg":["image/doctor_photo_4.jpg"],"image/medical.jpg":["image/medical.jpg"],"image/myimage.jpg":["image/myimage.jpg"],"image/naver_logo.png":["image/naver_logo.png"],"packages/cupertino_icons/assets/CupertinoIcons.ttf":["packages/cupertino_icons/assets/CupertinoIcons.ttf"],"packages/flutter_inappwebview/assets/t_rex_runner/t-rex.css":["packages/flutter_inappwebview/assets/t_rex_runner/t-rex.css"],"packages/flutter_inappwebview/assets/t_rex_runner/t-rex.html":["packages/flutter_inappwebview/assets/t_rex_runner/t-rex.html"]}